{
  "mode": "chessboard",
  "camera_matrix": [
    [
      1029.9951053680843,
      0.0,
      952.1894354700445
    ],
    [
      0.0,
      1031.6155277273601,
      547.50205376337
    ],
    [
      0.0,
      0.0,
      1.0
    ]
  ],
  "dist_coeffs": [
    [
      0.027604378901172778,
      -0.07556839172237945,
      0.004145288421002897,
      -0.0012212581732373726,
      -0.02895847001217882
    ]
  ],
  "img_size": [
    1920,
    1080
  ],
  "reprojection_error_px": 0.8267,
  "n_images": 18,
  "timestamp": "2026-04-29T14:44:55",
  "chessboard": {
    "inner_corners_w": 17,
    "inner_corners_h": 12,
    "square_mm": 20.0
  }
}