{
  "timestamp": "2026-05-02T16:18:17",
  "source": "manual_tabletop_points",
  "gemini_to_robot_homography": [
    [
      -1.0968890292903757,
      0.010254861049035347,
      933.9775027260939
    ],
    [
      0.027635000254325692,
      1.100216405444587,
      -381.2462248745015
    ],
    [
      3.313361718886112e-05,
      -6.854983424559059e-05,
      1.0
    ]
  ],
  "image_points_px": [
    [
      527.0,
      197.0
    ],
    [
      493.0,
      255.0
    ],
    [
      502.0,
      388.0
    ],
    [
      541.0,
      467.0
    ],
    [
      645.0,
      170.0
    ],
    [
      650.0,
      303.0
    ],
    [
      646.0,
      440.0
    ]
  ],
  "robot_points_xy_mm": [
    [
      356.834335,
      -149.20323
    ],
    [
      396.180895,
      -87.304526
    ],
    [
      390.698198,
      59.921654
    ],
    [
      350.865319,
      149.919492
    ],
    [
      225.095302,
      -174.829788
    ],
    [
      225.667528,
      -29.554659
    ],
    [
      230.861972,
      121.443077
    ]
  ],
  "robot_table_z_mm": -160.0,
  "mean_error_mm": 0.7924122214317322,
  "max_error_mm": 1.7653707265853882,
  "inliers": 7,
  "n_points": 7
}