{
  "mode": "chessboard",
  "camera_matrix": [
    [
      1403.2499793886807,
      0.0,
      636.3611884573776
    ],
    [
      0.0,
      1400.7316139966174,
      377.8487420672724
    ],
    [
      0.0,
      0.0,
      1.0
    ]
  ],
  "dist_coeffs": [
    [
      -0.00906005401733118,
      1.2418150434542152,
      -0.0010342957685678057,
      9.155908689951517e-05,
      -4.206530276763376
    ]
  ],
  "img_size": [
    1280,
    720
  ],
  "reprojection_error_px": 0.2887,
  "n_images": 22,
  "timestamp": "2026-05-02T15:22:06",
  "chessboard": {
    "inner_corners_w": 9,
    "inner_corners_h": 6,
    "square_mm": 26.0
  }
}