{
  "timestamp": "2026-05-03T12:52:34",
  "source": "manual_tabletop_points",
  "gemini_to_robot_homography": [
    [
      -1.1038296043004048,
      0.012534227999551785,
      940.6190453720594
    ],
    [
      0.026863147515493263,
      1.1493922474273728,
      -391.71006557926466
    ],
    [
      7.339142174037448e-05,
      -3.22444274366406e-05,
      1.0
    ]
  ],
  "image_points_px": [
    [
      517.0,
      173.0
    ],
    [
      542.0,
      128.0
    ],
    [
      600.0,
      172.0
    ],
    [
      506.0,
      250.0
    ],
    [
      597.0,
      271.0
    ],
    [
      484.0,
      331.0
    ],
    [
      594.0,
      355.0
    ],
    [
      548.0,
      383.0
    ],
    [
      509.0,
      439.0
    ],
    [
      647.0,
      457.0
    ],
    [
      603.0,
      528.0
    ],
    [
      537.0,
      515.0
    ]
  ],
  "robot_points_xy_mm": [
    [
      361.030955,
      -173.448695
    ],
    [
      332.581578,
      -221.935391
    ],
    [
      270.299069,
      -171.31886
    ],
    [
      374.509708,
      -88.721356
    ],
    [
      274.77908,
      -61.931153
    ],
    [
      399.659347,
      2.457257
    ],
    [
      282.296584,
      29.362824
    ],
    [
      329.600744,
      61.153141
    ],
    [
      375.909347,
      123.187098
    ],
    [
      224.877946,
      146.536475
    ],
    [
      274.304342,
      224.7274
    ],
    [
      347.576977,
      210.444323
    ]
  ],
  "robot_table_z_mm": -160.0,
  "mean_error_mm": 0.9069711565971375,
  "max_error_mm": 2.707437753677368,
  "inliers": 11,
  "n_points": 12
}